{
  "dataset": {
    "total_samples": 2200,
    "samples_per_class": 200,
    "num_classes": 11,
    "classes": [
      "none",
      "point",
      "pinch",
      "fist",
      "open_palm",
      "swipe_left",
      "swipe_right",
      "pinch_spread",
      "pinch_close",
      "two_finger_scroll",
      "thumbs_up"
    ],
    "train_size": 1760,
    "val_size": 440,
    "split_ratio": "80/20"
  },
  "gru_model": {
    "accuracy": 0.8318181818181818,
    "precision": 0.8376692328436054,
    "recall": 0.8318181818181818,
    "f1_weighted": 0.8312410907661604,
    "best_val_acc": 0.8522727272727273,
    "confusion_matrix": [
      [
        23,
        1,
        2,
        0,
        1,
        0,
        0,
        1,
        6,
        0,
        0
      ],
      [
        0,
        47,
        0,
        0,
        0,
        0,
        0,
        1,
        1,
        0,
        0
      ],
      [
        0,
        2,
        19,
        0,
        0,
        0,
        0,
        16,
        6,
        0,
        0
      ],
      [
        0,
        1,
        0,
        37,
        0,
        0,
        0,
        0,
        0,
        0,
        1
      ],
      [
        0,
        0,
        0,
        0,
        42,
        0,
        0,
        1,
        0,
        0,
        0
      ],
      [
        0,
        0,
        0,
        0,
        0,
        34,
        0,
        0,
        0,
        0,
        0
      ],
      [
        0,
        0,
        0,
        0,
        0,
        0,
        36,
        0,
        0,
        0,
        0
      ],
      [
        0,
        2,
        8,
        0,
        0,
        0,
        0,
        29,
        0,
        0,
        1
      ],
      [
        1,
        2,
        16,
        0,
        0,
        0,
        0,
        1,
        18,
        0,
        1
      ],
      [
        0,
        0,
        0,
        0,
        0,
        0,
        0,
        0,
        0,
        38,
        0
      ],
      [
        0,
        0,
        1,
        1,
        0,
        0,
        0,
        0,
        0,
        0,
        43
      ]
    ],
    "class_names": [
      "none",
      "point",
      "pinch",
      "fist",
      "open_palm",
      "swipe_left",
      "swipe_right",
      "pinch_spread",
      "pinch_close",
      "two_finger_scroll",
      "thumbs_up"
    ]
  },
  "cnn_model": {
    "accuracy": 0.9045454545454545,
    "precision": 0.9079745254745254,
    "recall": 0.9045454545454545,
    "f1_weighted": 0.9013879499451152,
    "best_val_acc": 0.9045454545454545,
    "confusion_matrix": [
      [
        33,
        0,
        0,
        0,
        0,
        0,
        0,
        0,
        1,
        0,
        0
      ],
      [
        0,
        49,
        0,
        0,
        0,
        0,
        0,
        0,
        0,
        0,
        0
      ],
      [
        0,
        1,
        21,
        0,
        0,
        0,
        0,
        5,
        16,
        0,
        0
      ],
      [
        0,
        0,
        0,
        39,
        0,
        0,
        0,
        0,
        0,
        0,
        0
      ],
      [
        0,
        0,
        0,
        0,
        43,
        0,
        0,
        0,
        0,
        0,
        0
      ],
      [
        0,
        0,
        0,
        0,
        0,
        34,
        0,
        0,
        0,
        0,
        0
      ],
      [
        0,
        0,
        0,
        0,
        0,
        0,
        36,
        0,
        0,
        0,
        0
      ],
      [
        1,
        2,
        6,
        0,
        0,
        0,
        0,
        26,
        5,
        0,
        0
      ],
      [
        1,
        0,
        3,
        0,
        0,
        0,
        0,
        1,
        34,
        0,
        0
      ],
      [
        0,
        0,
        0,
        0,
        0,
        0,
        0,
        0,
        0,
        38,
        0
      ],
      [
        0,
        0,
        0,
        0,
        0,
        0,
        0,
        0,
        0,
        0,
        45
      ]
    ],
    "class_names": [
      "none",
      "point",
      "pinch",
      "fist",
      "open_palm",
      "swipe_left",
      "swipe_right",
      "pinch_spread",
      "pinch_close",
      "two_finger_scroll",
      "thumbs_up"
    ]
  },
  "latency_benchmarks": {
    "EMA Filter": 0.0007,
    "Adaptive EMA Filter": 0.0012,
    "Kalman Filter 2D": 0.0225,
    "Feature Extraction": 0.186,
    "EventBus Publish (3 subs)": 0.0006,
    "GRU Model Inference": 0.8807,
    "CNN1D Model Inference": 0.1613
  },
  "training_config": {
    "epochs": 50,
    "batch_size": 32,
    "learning_rate": 0.001,
    "optimizer": "Adam",
    "scheduler": "ReduceLROnPlateau (patience=5, factor=0.5)",
    "loss": "CrossEntropyLoss",
    "temporal_window": 15,
    "input_features": 63
  }
}